word,mean_likeness,std_likeness
población,1.8,0.4472
obra,2.2,0.4472
dormir,3,0
dar,2.8,0.4472
realizar,2.6,0.5477
haber,2,0
amor,3,0
aparecer,2,0
seguir,2.4,0.5477
especie,2.2,0.4472
dejar,1.6,0.5477
nombre,2.1667,0.4082
solo,1.4,0.5477
corazón,2.8,0.4472
lograr,3,0
entender,3,0
acercar,2.2,0.4472
grande,2,0
ojo,2.2,0.4472
bueno,3,0
trabajar,2.6,0.5477
permitir,2.8,0.4472
junto,2.6,0.5477
hablar,2.2,0.4472
hacer,2.4,0.5477
tiempo,2,0.7071
nuevo,2.8,0.4472
mirada,2.4,0.5477
entrar,2.2,0.4472
cuerpo,2,0
tipo,1.8,0.4472
cosa,2,0
volver,1.6,0.5477
propio,2.4,0.5477
más,2.8,0.4472
llamar,2.2,0.4472
canción,3,0
alcanzar,3,0
pensar,2.8,0.4472
agua,2.6,0.5477
aire,2.6,0.5477
jugar,3,0
voz,2.4,0.5477
poder,2.8,0.4472
sentar,2.4,0.5477
mar,2.8,0.4472
mirar,2.4,0.5477
río,2.6,0.5477
dolor,1,0
caso,2,0
mantener,1.8,0.4472
historia,2.4,0.5477
región,2,0
abrir,2.4,0.5477
último,1.6,0.5477
hermano,2.6,0.5477
lugar,2,0
junto,2.4,0.5477
presentar,2.4,0.5477
producir,2.4,0.5477
estar,2.8,0.4472
venir,2.4,0.5477
palabra,2,0
habitante,2.5,0.5477
fin,2,0
sólo,2,0.7071
alma,2.5,0.5477
rey,1.8333,0.4082
mundo,2.4,0.5477
ser,2.4,0.5477
número,2.1667,0.4082
considerar,2.3333,0.5164
querer,3,0
recordar,2.3333,0.5164
amar,3,0
creer,2.6,0.5477
pedir,1.5,0.5477
caer,1.5,0.5477
siguiente,2.1667,0.4082
trabajo,2.3333,0.5164
nacional,2.4,0.5477
convertir,1.8,0.4472
tener,2.6,0.5477
lado,2,0
punto,2,0
esperar,1.2,0.4472
amigo,3,0
manera,2,0
total,2,0
poder,2.4,0.5477
ubicar,1.8,0.4472
crear,3,0
calle,2,0
terminar,2.2,0.4472
forma,2.2,0.4472
sistema,2.2,0.4472
año,2,0
existir,2.6,0.5477
hijo,2.6,0.5477
partir,2,0
comenzar,2.6,0.5477
luz,2.6,0.5477
buscar,2.2,0.4472
paso,2,0
vida,2.8,0.4472
país,2.2,0.4472
encontrar,2.6,0.5477
decidir,2.2,0.4472
parte,2,0
noche,2.6,0.5477
llevar,2,0
poner,2.4,0.5477
hora,2,0
incluir,2.2,0.4472
decir,2.2,0.4472
escuchar,2.4,0.5477
perder,1,0
grupo,2.6,0.5477
libro,2.6,0.5477
fuerza,2.4,0.5477
familia,3,0
llegar,2.4,0.5477
cielo,2.8,0.4472
zona,2,0
verdad,2.8,0.4472
persona,2.4,0.5477
norte,2.2,0.4472
hombre,2.4,0.5477
cuenta,2,0
puerta,2,0
dirigir,2,0
momento,2.2,0.4472
muerte,1.2,0.4472
municipio,2,0
tratar,2.2,0.4472
quedar,2,0
unir,2.4,0.5477
cabeza,2,0
tierra,2.4,0.5477
mismo,2,0
centro,2.4,0.5477
aun,2,0
casa,2.8,0.4472
gente,2.4,0.5477
principal,2.8,0.4472
tan,2,0
mejor,2.8,0.4472
preguntar,2.2,0.8367
saber,2.8,0.4472
formar,2.4,0.5477
único,2.4,0.5477
vez,2,0
camino,2.6,0.5477
recuerdo,2.2,0.8367
mujer,2.6,0.5477
conocer,2.8,0.4472
parecer,2.4,0.5477
olvidar,2,0.7071
metro,2.1667,0.4082
importante,2.3333,0.8165
universidad,2.7143,0.488
siglo,2,0
color,2.4,0.5477
pasar,2,0
correr,2.8,0.4472
mano,2.2,0.4472
contar,2.4,0.5477
deber,1.6,0.5477
salir,2.6,0.5477
vivir,2.8,0.4472
estado,1.8,0.4472
ver,2.4,0.5477
pequeño,2.2,0.4472
padre,3,0
gobierno,2,0.6325
condado,2,0
utilizar,2.1667,0.4082
madre,3,0
sentir,2.6,0.5477
tanto,2,0
cambiar,2.3333,0.5164
final,2.4,0.5477
escribir,2.2,0.4472
día,2.4,0.5477
sueño,2.4,0.5477
usar,2,0
empezar,2.4,0.5477
tomar,2,0
pesar,1.6,0.5477
equipo,2.8,0.4472
ciudad,2.4,0.5477
juego,3,0
provincia,2.6,0.5477
gran,2.4,0.5477
general,2.2,0.4472
morir,1.4,0.8944
nacer,2.8,0.4472
niño,2.6,0.8944
mayor,2.3333,0.5164
recibir,2.6667,0.5164
serie,2.3333,0.5164
silencio,2.6667,0.5164
realidad,2.3333,0.5164
real,2.3333,0.5164
proyecto,2.5,0.5477
estudio,2.5,0.5477
tocar,2.3333,0.5164
conseguir,2.3333,0.5164
película,2,1
mes,2.2,0.4472
sol,2.4,0.8944
diferente,2.6,0.5477
ganar,2.6,0.5477
isla,2.8,0.4472
censo,2,0
intentar,2.8,0.4472
mostrar,2.6,0.5477
viejo,2.2,0.4472
humano,2.8,0.4472
caminar,2.8,0.4472
pie,2,0
orden,2.1667,0.7528
gustar,2.8333,0.4082
llorar,1.1667,0.4082
levantar,1.8,0.4472
cara,2.4,0.5477
rostro,2.2,0.4472
señor,1.8,0.4472
música,3,0
raza,1.8,0.4472
idea,2.8,0.4472
viento,2.6,0.5477
iglesia,1.4,0.5477
través,2,0
problema,1.2,0.4472
álbum,2.2,0.4472
desear,2.6,0.5477
boca,2.4,0.5477
mente,2.6,0.5477
imagen,2.4,0.5477
miedo,1,0
época,2,0
acabar,2.2,0.4472
piel,2.6,0.5477
carrera,2.2,0.4472
construir,2.8,0.4472
obtener,2.4,0.5477
brazo,2.2,0.4472
fuerte,2.6,0.5477
demografía,2,0
club,2.6667,0.5164
publicar,2.1667,0.4082
resto,2.1667,0.4082
observar,2.3333,0.5164
situar,2,0
temporada,2.3333,0.5164
lanzar,2.3333,0.5164
cerrar,1.6667,0.5164
servicio,2.6,0.5477
beso,3,0
presidente,1.8,0.4472
sentido,2.4,0.5477
sonrisa,3,0
necesitar,2.4,0.5477
razón,2.6,0.5477
miembro,2.4,0.5477
movimiento,2.6,0.5477
regresar,2.4,0.8944
relación,3,0
frente,2,0
escuela,2.8,0.4472
papel,2.4,0.5477
línea,2.2,0.4472
destacar,2.6,0.5477
ejemplo,2.2,0.4472
descubrir,3,0
servir,2,0.7071
arte,3,0
sangre,2,0.7071
estrella,3,0
edad,2,0.7071
derecho,2.2,0.4472
labio,2.4,0.5477
dios,2,0.7071
pertenecer,2.4,0.5477
continuar,2.6,0.5477
matar,1,0
participar,2.8,0.4472
posible,2.8,0.4472
pueblo,2.6,0.5477
medio,2,0
despertar,2.8,0.4472
espacio,2.4,0.5477
distrito,2,0
minuto,1.8,0.4472
cantar,2.8,0.4472
igual,2.2,0.4472
departamento,2.2,0.4472
sacar,2.2,0.4472
nada,2,0
cambio,2.6,0.5477
gracia,2.8,0.4472
blanco,2.6,0.5477
personaje,2.8,0.4472
semana,2,0.7071
ocupar,1.8,0.4472
bajo,2,0
antiguo,2.6,0.5477
localidad,2,0
lleno,2.2,0.4472
ser,2.8,0.4472
ocurrir,2.4,0.5477
principio,2.4,0.5477
negro,2,0
oscuro,2,0
ejército,1.6,0.8944
densidad,2,0
frente,2,0
hermoso,3,0
feliz,3,0
poblacional,2,0
situación,2,0
detener,2,0
ayudar,2.6,0.5477
leer,2.8,0.4472
anterior,2.2,0.4472
largo,1.8,0.4472
acompañar,2.8,0.4472
abandonar,1.2,0.4472
distinto,2.2,0.4472
social,2.4,0.5477
título,1.8,0.4472
origen,2.2,0.4472
desarrollar,2.2,0.4472
actual,2,0
bello,2.8,0.4472
mayoría,1.8,0.4472
dedicar,2.4,0.5477
área,2.2,0.4472
chico,1.8,0.4472
importar,2.4,0.5477
clase,2.4,0.5477
político,1.8,0.4472
internacional,2.2,0.4472
especial,2.6,0.5477
sentimiento,2.4,0.5477
alto,2.2,0.4472
nivel,2.2,0.4472
árbol,2.6,0.5477
disco,2.4,0.5477
pensamiento,2.6,0.5477
cama,2.6,0.5477
extraño,2.2,0.4472
reconocer,2.4,0.5477
sufrir,1.4,0.8944
superficie,2.2,0.4472
actividad,2.6,0.5477
programa,2,0
edificio,2,0
responder,2.4286,0.5345
comer,2.4,0.5477
representar,2.4,0.5477
iniciar,2.6,0.5477
establecer,2.1667,0.4082
estación,2.3333,0.5164
hecho,2.1667,0.4082
mundial,2.3333,0.5164
suelo,2.5,0.5477
oficina,2.2,0.4472
ventana,2.8,0.4472
empresa,2,0
éxito,2.8,0.4472
poseer,2.6,0.5477
ley,2,0
compañía,3,0
suceder,2.4,0.5477
instante,2.4,0.5477
cubrir,2.4,0.5477
sociedad,2.6,0.5477
reír,3,0
traer,2,0
versión,2,0
lengua,2.2,0.4472
uso,2,0.7071
cantón,2.2,0.4472
entregar,2.4,0.5477
comprender,2.6667,0.5164
vivo,2.5,0.5477
territorio,2.1667,0.4082
luna,2.8333,0.4082
vuelta,2.1667,0.4082
ofrecer,2.75,0.7071
destino,2.4,0.5477
hoja,2.4,0.5477
sombra,2.4,0.5477
diverso,2.4,0.5477
base,2,0
público,2.4,0.8944
mover,2.2,0.8367
libre,2.8,0.4472
batalla,1.4,0.5477
fondo,2,0.7071
acariciar,2.8,0.4472
millón,2,0
fuego,2.8,0.4472
flor,3,0
don,2.8,0.4472
resultar,2,0
planta,3,0
acuerdo,2.4,0.5477
nombrar,2,0
joven,2.2,0.4472
crecer,2.8,0.4472
premio,2.8,0.4472
componer,2.6,0.5477
viaje,2.6,0.5477
modo,2,0
sonido,2.6,0.5477
compañero,2.6,0.5477
suponer,2,0
desarrollo,2.6,0.5477
menor,2,0
construcción,2.4,0.5477
soler,2.2,0.4472
animal,2.8,0.4472
popular,2,0
soñar,3,0
fundar,2,0
volar,2.6,0.5477
rojo,2.6,0.5477
cargo,2.2,0.4472
contener,2.2,0.4472
fútbol,1.8,0.4472
joven,2.2,0.4472
valor,2.4,0.5477
medio,2,0
proceso,2,0
gritar,1.6,0.8944
estilo,2.4,0.5477
presencia,2.2,0.4472
común,2,0
ocasión,2.4,0.5477
letra,2,0
lluvia,2.6,0.5477
división,2,0
allá,2,0
estudiar,2.2,0.4472
término,2,0
reino,2.4,0.5477
triste,1,0
lágrima,1.8333,0.4082
producción,2.5,0.5477
dirección,2.1667,0.4082
romper,2,0.6325
república,2.3333,0.5164
respuesta,2.1667,0.4082
acción,2.6,0.5477
necesario,2,0.7071
natural,2.2,0.4472
subir,2.4,0.5477
autor,2.2,0.4472
disponer,2.4,0.5477
soledad,1.4,0.5477
malo,1,0
oficial,2,0
televisión,2.2,0.4472
cabo,1.8,0.4472
todavía,2.4,0.5477
geografía,2.2,0.4472
desaparecer,2,0
separar,1.8,0.4472
económico,2.2,0.4472
significar,2,0
favor,2.6,0.5477
jamás,1.8,0.4472
director,2,0
corresponder,2.2,0.4472
habitación,2,0
género,2,0
comunidad,2.6,0.5477
cierto,2.4,0.5477
puerto,2.4,0.5477
sonreír,3,0
deseo,2.4,0.5477
aceptar,2.6,0.5477
posición,2.2,0.4472
década,2.2,0.4472
verde,2.4,0.5477
dedo,2.2,0.4472
alejar,2,0.7071
esposo,1.8,0.4472
pared,1.6,0.5477
besar,2.6,0.5477
basar,2.2,0.4472
barrio,2.4,0.5477
efecto,2.4,0.5477
escapar,1.8,0.8367
cruzar,2.2,0.4472
oír,2.6,0.5477
parque,2.8,0.4472
fiesta,2.4,0.5477
imaginar,2.6,0.5477
negro,2.4,0.5477
perro,2.2,0.8367
permanecer,2.6,0.5477
evitar,1.8,0.4472
bajar,2,0
casar,2.5,0.5477
elegir,2.8,0.4472
recorrer,2.2,0.4472
cumplir,2.8,0.4472
fuente,2.2,0.4472
segundo,2,0
memoria,2.2,0.4472
esconder,1.6,0.5477
cultura,2.8,0.4472
resultado,2.2,0.4472
nuevamente,2,0
pecho,2.1667,0.4082
profesor,2.2,0.4472
formular,2,0
capital,2.4,0.5477
existencia,2.6,0.5477
episodio,2.2,0.4472
verdadero,3,0
figura,2,0
denominar,2,0
jefe,1.6,0.5477
pena,1.2,0.4472
comprar,2.8,0.4472
carta,2,0
notar,2,0
mandar,2,0
atrás,1.8,0.4472
marcar,2,0
grito,1.4,0.5477
demasiado,1.6,0.5477
provocar,1.8,0.4472
elección,2.2,0.4472
acto,2,0
modelo,2.2,0.4472
jugador,2.8,0.4472
libertad,3,0
celebrar,3,0
espalda,2.2,0.4472
sitio,2.2,0.4472
escritor,3,0
siquiera,2,0
explicar,2.6,0.5477
cantidad,2,0
unión,2.8,0.4472
lagrimar,1.6,0.8944
apenas,2,0
aprender,3,0
arma,1,0
hallar,2.8,0.4472
distancia,1.8,0.4472
simple,2.8,0.4472
teatro,3,0
par,2.6,0.5477
andar,2.8,0.4472
futuro,2.4,0.5477
eterno,2.8,0.4472
condición,2,0
militar,1,0
cuento,3,0
ángel,2.4,0.8944
golpe,1.2,0.4472
objeto,2.2,0.4472
organización,2,0.7071
abuelo,2.8,0.4472
radio,2.6,0.5477
difícil,2,0.7071
viajar,3,0
capaz,3,0
montaña,2.6,0.5477
esperanza,2.8,0.4472
rodear,2.4,0.5477
preparar,2.4,0.5477
pierna,2.4,0.5477
canal,2.4,0.5477
numeroso,2,0
vestir,2,0
elemento,2.2,0.4472
control,1.8,0.4472
calor,2.4,0.8944
oeste,2,0
función,2,0
atención,2.4,0.5477
compartir,2.8,0.4472
blanco,2.2,0.4472
necesidad,2,0
musical,3,0
piso,2,0
seguro,2.8,0.4472
ingreso,2.2,0.4472
vender,2,0
simplemente,2.4,0.5477
político,1.2,0.4472
completo,2.4,0.5477
interés,2.4,0.5477
causar,2,0
verano,3,0
ala,2.6,0.5477
mitad,2,0
ciencia,2.6,0.5477
hogar,3,0
faltar,1.6,0.5477
rápido,2,0.7071
partido,2.2,0.4472
enorme,2.2,0.4472
nube,2.6,0.5477
falta,1.8,0.4472
guardar,2,0
mesa,2,0
extender,2,0
oro,2.4,0.5477
juntar,2.4,0.5477
similar,2,0
enviar,2,0
histórico,1.8,0.4472
interpretar,2.6,0.5477
piedra,2,0
frío,1.6,0.8944
museo,2.8,0.4472
original,2.8,0.4472
civil,2,0
luchar,2.1667,0.7528
campo,3,0
medida,2,0
plan,2.3333,0.5164
apoyar,2.4,0.5477
información,2.2,0.4472
producto,2,0
unidad,2.4,0.5477
cercano,2.4,0.5477
energía,2.8,0.4472
alegría,3,0
ayuda,2.6,0.5477
llenar,2.4,0.5477
colocar,2,0
avanzar,2.6,0.5477
encuentro,3,0
especialmente,2.2,0.4472
escena,2.2,0.4472
capacidad,2.4,0.5477
profundo,2.6,0.5477
investigación,2.2,0.8367
largo,2,0
jardín,3,0
gana,2.4,0.5477
ropa,2.4,0.5477
cine,2.8,0.4472
oscuridad,1.6,0.5477
realmente,2,0
retirar,2,0
red,2,0
parar,2,0
tema,2,0
describir,2.2,0.4472
enfrentar,1.6,0.5477
parir,2.2,0.8367
suerte,3,0
edición,2,0
ataque,1,0
abrazar,3,0
consejo,2.8,0.4472
café,3,0
muchacho,2,0
cuarto,2,0
revista,2.2,0.4472
tristeza,1.2,0.4472
carne,1.8,0.8367
comuna,2.2,0.4472
enamorar,3,0
espejo,2.6,0.5477
conjunto,2.4,0.5477
característica,2.2,0.4472
corto,1.8,0.8367
claro,3,0
pacífico,3,0
indicar,2,0
felicidad,3,0
sensación,2.2,0.4472
oportunidad,3,0
temer,1.2,0.4472
campeonato,2.6,0.5477
motivo,2.2,0.4472
rato,2.2,0.4472
derrotar,1.6,0.5477
peso,1.8,0.4472
sencillo,2.6,0.5477
duro,1.8,0.4472
olor,2,0
duda,1.6,0.5477
puesto,2,0
actuar,2.8,0.4472
principalmente,2,0
referir,2,0
detrás,2,0
destruir,1.2,0.4472
prueba,1.8,0.4472
tenia,1,0
perfecto,2.8,0.4472
pelo,2,0
pasión,2.6,0.8944
fecha,2.4,0.5477
cansar,1.3333,0.5164
beber,3,0
lucha,1.6,0.8944
poeta,2.8,0.4472
novela,3,0
dato,2.6,0.5477
limitar,1.6,0.5477
pez,2.6,0.5477
repetir,1.8,0.4472
creación,2.8,0.4472
texto,2.6,0.5477
naturaleza,3,0
torre,2.4,0.5477
constituir,2.4,0.5477
dulce,3,0
obligar,1,0
mil,2,0
pagar,1.4,0.5477
estructura,2,0
copa,2.6,0.5477
risa,3,0
organizar,2.2,0.8367
municipal,2,0
frío,1.4,0.5477
negar,1.2,0.4472
diferencia,2,0
intento,2.4,0.5477
vía,2,0
policía,1.8,0.4472
demostrar,2.4,0.5477
formación,2.8,0.4472
cultural,2.8,0.4472
plata,2.8,0.4472
período,2,0
surgir,2.6,0.5477
pieza,2.4,0.5477
suave,2.8,0.4472
guerra,1,0
vecino,2.2,0.4472
vista,3,0
aspecto,2.6,0.5477
meter,2.4,0.5477
amo,2.2,0.8367
cortar,2,0
distribución,2.2,0.4472
pregunta,2.2,0.4472
paz,3,0
fruto,2.8,0.4472
belleza,3,0
poema,2.8,0.4472
suficiente,2.4,0.8944
famoso,2,0
artículo,2,0
loco,2,0.7071
villa,1.8,0.8367
perteneciente,2.2,0.4472
conservar,2,0
dia,2.6,0.5477
importancia,2.4,0.5477
seguridad,2.8,0.4472
educación,2.8,0.4472
pasado,2.4,0.5477
sector,2,0
determinar,2.2,0.4472
declarar,2.2,0.4472
posibilidad,2.4,0.5477
dinero,2.8,0.4472
experiencia,2.8,0.4472
disfrutar,3,0
carácter,2.4,0.5477
velocidad,2.2,0.4472
operación,1.8,0.4472
decisión,2.4,0.8944
preocupar,2,1
debutar,2.8,0.4472
contestar,2.6,0.5477
mencionar,2.4,0.5477
sonar,2.4,0.5477
quitar,1.4286,0.5345
altura,2.2,0.4472
huir,1.2,0.4472
bosque,3,0
solo,2,1
imperio,2.4,0.5477
ordenar,2,0.7071
residir,2,0.7071
selección,2,0.7071
fácil,2,0.7071
ministro,1.8,0.4472
dueño,2.2,0.8367
tropa,2,0.7071
propiedad,2.6,0.5477
ruta,2.4,0.5477
defensa,2.6,0.5477
actor,2.4,0.5477
reunir,2.6,0.5477
despedir,2.2,0.8367
trasladar,2.6,0.5477
bailar,2.2,0.8367
enfermedad,1.2,0.4472
entrada,2.4,0.5477
firme,2.8,0.4472
anunciar,2.6,0.5477
busca,2.2,0.4472
causa,2.4,0.5477
atacar,1.4,0.5477
muerto,1.4,0.5477
pareja,2.8,0.4472
comercial,2.2,0.4472
visitar,3,0
tirar,1.8,0.4472
relacionar,2.6,0.5477
cabello,2.6,0.5477
artista,2.4,0.5477
espíritu,2.6,0.5477
invitar,2.8,0.4472
local,2.2,0.4472
firmar,2.2,0.4472
teoría,2.6,0.5477
invierno,2.4,0.5477
objetivo,2.2,0.4472
puente,2.6,0.5477
lentamente,2,0
imposible,1.6,0.8944
sostener,2,0.7071
mercado,2.2,0.4472
transformar,2.8,0.4472
cadena,1.2,0.4472
personal,2.6,0.5477
serio,2.2,0.4472
conocimiento,3,0
planeta,3,0
solamente,1.8,0.4472
comunicación,2.8,0.4472
etapa,2.2,0.8367
integrar,2.4,0.8944
marca,2,0.7071
categoría,2,0
longitud,2,0
peor,1.4,0.5477
campaña,2.2,0.4472
moderno,2.4,0.5477
colegio,3,0
vuelo,3,0
grabar,2.2,0.4472
echar,1.2,0.4472
asomar,2.4,0.5477
instituto,2.4,0.5477
girar,2.6,0.5477
novio,2.8,0.4472
apoyo,3,0
tío,3,0
preferir,2.6,0.5477
tamaño,2,0
emplear,2.4,0.5477
periodo,2,0
nave,2.4,0.5477
material,2.2,0.4472
esfuerzo,2.6,0.5477
amplio,2.8,0.4472
adquirir,2.2,0.4472
tren,2.4,0.5477
error,1.2,0.4472
secreto,1.8,0.4472
universo,2.6,0.5477
desconocer,1.4,0.5477
federación,2,0
cuello,2.6,0.5477
pintura,2.6,0.5477
elevar,2.8,0.4472
ilusión,2.6,0.5477
grado,2,0
palacio,2.8,0.4472
cámara,2.6,0.5477
ruido,1.4,0.8944
listo,2.8,0.4472
economía,2,0
actualidad,2,0
proponer,2.6,0.5477
poesía,2.8,0.4472
kilómetro,2,0
callar,2,0.7071
enseñar,3,0
público,2.2,0.4472
sede,2,0
aumentar,2.4,0.5477
sorprender,2.8,0.4472
cuidar,2.8,0.4472
hospital,1.8,0.4472
ausencia,1.2,0.4472
doler,1.2,0.4472
posterior,2,0
llanto,1.4,0.5477
cápita,2,0
respirar,2.6,0.5477
marchar,1.8,0.8367
noticia,2,0
frase,2.2,0.4472
próximo,2.2,0.4472
aproximadamente,2,0
costar,2,0.7071
inicio,2.4,0.5477
izquierdo,2.2,0.4472
autoridad,2.2,0.8367
vino,2.8,0.4472
recuperar,2.4,0.5477
protagonizar,2.4,0.5477
comienzo,2.4,0.5477
influencia,2.4,0.5477
rápidamente,2.2,0.4472
habitar,2.4,0.5477
deportivo,2.6,0.5477
nación,2.8,0.4472
avión,2.6,0.5477
tranquilo,3,0
expresión,2.2,0.4472
raro,2.4,0.8944
debajo,1.8,0.4472
reducir,1.6,0.5477
diseño,2.6,0.8944
festival,2.8,0.4472
azul,2.8,0.4472
tradicional,2.4,0.5477
adelante,2.4,0.5477
cargar,1.6,0.5477
directo,2.6,0.5477
proteger,2.8,0.4472
pobre,1.4,0.5477
placer,3,0
reloj,1.8,0.4472
caricia,3,0
motor,2.2,0.4472
doctor,2.2,0.4472
presente,2.8,0.4472
completamente,2.6,0.5477
página,2.2,0.4472
playa,2.8,0.4472
robar,1,0
señalar,1.8,0.4472
totalmente,2.2,0.4472
vacío,1.8,0.8367
incorporar,2.8,0.4472
matrimonio,2.8,0.4472
capitán,2.4,0.5477
generar,2.8,0.4472
salvar,3,0
señal,2.6,0.5477
conducir,2.8,0.4472
lago,3,0
caballo,3,0
golpear,1.4,0.5477
asi,2.2,0.4472
metal,2.4,0.8944
líder,2.4,0.5477
lejano,1.6,0.5477
abrazo,3,0
daño,1,0
recoger,2.2,0.4472
consecuencia,1.8,0.4472
encender,2.6,0.5477
costumbre,2.2,0.4472
baño,2.6,0.5477
liga,2,0
religioso,1.8,0.4472
gota,2.6,0.5477
dudar,1.6,0.5477
caja,2,0
definir,2.6,0.5477
atravesar,2.2,0.4472
expresar,2.8,0.4472
medio,1.8,0.4472
ave,2.8,0.4472
soldado,1.4,0.5477
templo,2.4,0.5477
calidad,2.6,0.5477
envolver,2,0
sexo,2.8,0.4472
clima,2.4,0.5477
idioma,2.6,0.5477
torneo,2.4,0.5477
institución,2.2,0.4472
gol,2.8,0.4472
tradición,2.4,0.5477
emitir,2.4,0.5477
independiente,2.8,0.4472
puro,3,0
sabor,2.6,0.5477
lento,2.2,0.4472
afirmar,2.6,0.5477
asunto,2.4,0.5477
maestro,2.6,0.5477
asociación,1.8,0.4472
vencer,2.8,0.4472
revolución,2.8,0.4472
consistir,2.3333,0.5164
algo,2.2,0.4472
final,2.2857,0.488
descansar,3,0
funcionar,2.625,0.5175
gusto,2.5714,0.5345
concepto,2.375,0.5175
temor,1.25,0.4629
conciencia,2.375,0.5175
introducir,2.25,0.4629
hombro,2.3,0.483
rojo,2.2,0.6325
fallecer,1.2,0.4216
mamá,2.9,0.3162
oído,2.2,0.6325
geográfico,2.1818,0.603
erar,1.7143,0.488
asegurar,2.4545,0.6876
contemplar,2.6364,0.5045
esquina,2.0833,0.2887
cuanto,2.1111,0.3333
gato,2.7273,0.6467
encargar,2.1,0.3162
estadio,2.3333,0.5
curso,2.1111,0.6009
recién,2.25,0.4629
animar,2.7143,0.488
foto,2.5714,0.5345
terreno,2.2857,0.488
locura,1.8571,0.6901
corte,1.6667,0.8165
salud,2.6,0.8944
auto,2,0
temperatura,2,0
intención,2,0.6325
dividir,1.8333,0.7528
mentira,1.8333,0.9832
desnudo,2.3333,0.8165
depender,1.6,0.5477
cristal,2.4,0.5477
marcha,1.8333,0.7528
tarea,2,0.6325
superar,3,0
crítico,2.1429,0.6901
frontera,2,0.8165
evento,2,0.5774
apagar,1.8571,0.6901
teléfono,2.125,0.3536
haz,2.375,0.744
profesional,2.375,0.5175
clásico,2.625,0.744
tono,2.125,0.3536
primero,2.75,0.4629
controlar,1.75,0.7071
derecha,1.75,0.7071
cocina,2.625,0.5175
disputar,1.7778,0.9718
raíz,2.2222,0.441
seco,1.7778,0.6667
mediar,2.6667,0.5
designar,2,0.5345
gesto,2.5,0.5477
detalle,2.6,0.5477
olvido,1,0
confundir,1.5,0.5477
diario,2.2857,0.488
punta,2,0
ambiente,2.7143,0.488
comida,3,0
administración,2,0
recurso,2.3333,0.5164
contacto,2.6667,0.5164
literatura,3,0
guitarra,3,0
mensaje,2.3333,0.5164
completar,2.4286,0.5345
acceso,2.1429,0.378
gris,1.8571,0.6901
iluminar,2.7143,0.488
soportar,1.25,0.4629
igual,2.2857,0.488
método,2.2857,0.488
herir,1.1429,0.378
aragón,2,0
claro,3,0
finalizar,2.8,0.4472
rincón,2.2,0.4472
concierto,2.8333,0.4082
defender,2.5,0.5477
odiar,1,0
hasta,1.8333,0.4082
masa,2.1667,0.7528
fundación,2.5,0.5477
límite,2.1429,0.6901
privar,1.1667,0.4082
federal,2.4,0.5477
rayo,2.2,0.8367
congreso,2,0.7071
pretender,2,0.7071
saltar,2.8,0.4472
coleóptero,1.6,0.5477
instalar,2.2,0.8367
hueso,1.6,0.5477
pan,3,0
entero,2.2,0.4472
valer,2.6,0.5477
generalmente,2,0
inmediato,2,0.7071
rumbo,2.4286,0.5345
inmenso,2.6,0.5477
impedir,1.2,0.4472
sorpresa,3,0
extrañar,1.4,0.8944
compuesto,2,0
estudiante,2.8,0.4472
pleno,2.7143,0.488
diseñar,2.4,0.8944
san,2.6,0.5477
paisaje,2.8571,0.378
armar,2.5714,0.5345
generación,2.1429,0.378
reflejar,2.2857,0.488
acordar,2.8,0.4472
culpa,1,0
medir,2,0
emoción,2.8333,0.4082
morfología,2,0
cuestión,1.8,0.4472
emperador,2,1
arena,2.8,0.4472
ritmo,2.8,0.4472
misión,2.2,0.4472
durar,2.2,0.4472
conflicto,1.1667,0.4082
descripción,2,0
rico,3,0
brillar,3,0
aeropuerto,2.2,0.4472
aprovechar,2.4,0.5477
the,2,0
viejo,1.8,0.4472
constante,2.2,0.8367
biografía,2.3333,0.5164
silla,2.1667,0.4082
dicha,2.8333,0.4082
justo,2.6667,0.5164
coordenada,2,0
negocio,2.1667,0.7528
visión,2,0
ultimar,1.6667,0.5164
mejor,2.6667,0.5164
local,2.1667,0.4082
participación,2.6667,0.5164
justicia,2.8333,0.4082
gobernar,2.4,0.5477
pintar,2.8,0.4472
diente,2,0
interesar,2.6,0.5477
aparición,2,0.7071
localizar,2.4,0.5477
técnico,2.4,0.5477
artístico,2.6,0.5477
convencer,2,0
particular,2,0
asustar,1.2,0.4472
hábitat,2.2,0.4472
enemigo,1.2,0.4472
mezclar,2.2,0.4472
requerir,2,0
literario,2.8,0.4472
primavera,2.8,0.4472
escalera,2.2,0.4472
médico,2,0.7071
colección,2.2,0.4472
instrumento,2.4,0.5477
intenso,2.4,0.5477
quizá,2.2,0.4472
carga,1.8,0.4472
vehículo,2.2,0.4472
invadir,1.2,0.4472
ocultar,1.8,0.4472
dejo,2,0.7071
referencia,2.2,0.4472
secretario,2,0.7071
humanidad,2.8,0.4472
comentar,2.4,0.5477
actuación,2.4,0.8944
guardia,2.2,0.4472
dibujar,3,0
destinar,2.2,0.4472
escenario,2.4,0.5477
combate,1.4,0.5477
visita,2.4,0.5477
hambre,1,0
alimento,2.8,0.4472
femenino,3,0
quemar,2.2,0.4472
doble,2.2,0.4472
ingresar,2.4,0.5477
asesinar,1.6,0.8944
academia,2,0.7071
regalo,2.8,0.4472
probablemente,2.2,0.4472
conformar,2.2,0.4472
muro,1.8,0.4472
tender,2,0
coche,2.4,0.5477
aéreo,2.4,0.5477
eléctrico,2,0
castilla,2,0.7071
plaza,2.5,0.8367
húmedo,1.8333,0.4082
cuadro,2.2,0.4472
rosa,2.4,0.5477
cariño,2.8,0.4472
aplicar,2.2,0.8367
mejorar,2.8,0.4472
breve,2.2,0.4472
atrapar,1.6,0.5477
escudo,1.8,0.4472
campeón,2.6,0.5477
otorgar,2.6,0.5477
lenguaje,2.4,0.5477
monte,2.2,0.4472
extremo,2,0
ejercer,1.8,0.4472
flotar,2.6,0.5477
diario,2,0
probar,2.8,0.4472
fase,2,0
industria,1.8,0.4472
afectar,1.6,0.5477
deslizar,2.2,0.4472
marido,2.2,0.4472
contrato,2,0
arqueológico,2,0.7071
liberar,2.8,0.4472
caballero,2.6,0.5477
alimentar,2.8,0.4472
variar,2.4,0.5477
orilla,2.3333,0.8165
inferior,1.6,0.5477
hotel,2.8333,0.4082
salón,2.3333,0.8165
sala,2.2,0.4472
máquina,2,0.7071
biblioteca,2.8,0.4472
materia,2,0.7071
infierno,1.2,0.4472
fijar,2.4,0.5477
repente,2,0
extensión,2.4,0.5477
regreso,2.6,0.5477
solitario,1.8,0.4472
representación,2.4,0.5477
comisión,1.8,0.4472
publicación,2.6,0.5477
aliento,2,1
asumir,2.2,0.4472
exterior,2,0
techo,2.4,0.5477
tecnología,2.2,0.4472
directamente,2.4,0.5477
conversación,3,0
físico,2.4,0.5477
voluntad,2.6667,0.5164
absoluto,2.1667,0.4082
actriz,2.3333,0.5164
horizonte,3,0
sur,2.8333,0.4082
polvo,2,0.6325
tormenta,2,0.6325
susurrar,2.6667,0.5164
caracterizar,2,0
periódico,2.2,0.4472
típico,2.2,0.4472
juventud,2.6,0.5477
botánico,2.6,0.5477
princesa,2,0.7071
política,1.8,0.8367
brillante,2.4,0.5477
rama,2.2,0.4472
presión,1.6,0.5477
transporte,1.8,0.4472
prestar,2.4,0.5477
llegada,2.6,0.5477
añadir,2,0
labor,2.2,0.8367
respecto,2,0
religión,1.6,0.5477
precio,1.8,0.4472
distinguir,2,0.7071
rechazar,1.4,0.8944
brisa,3,0
verso,1.6,0.8944
aroma,2.8,0.4472
oponer,2,0
montar,2.8,0.4472
columna,2.2,0.4472
mierda,1.6,0.5477
falso,1.4,0.5477
solución,2.4,0.5477
escaso,1.6,0.5477
arrancar,2,0
amante,2.6,0.5477
susurro,2.8,0.4472
código,2.4,0.5477
búsqueda,2.2,0.8367
constitución,2.4,0.5477
patio,2.4,0.5477
voto,2.4,0.5477
regional,2.2,0.4472
pérdida,1.2,0.4472
imponer,1.4,0.5477
mágico,2.6,0.5477
documento,2,0
fantasma,1.8,0.4472
gira,2.2,0.4472
capilla,1.8,0.8367
leyenda,2.6,0.5477
interior,2.4,0.5477
mejilla,2.6,0.5477
pedazo,2,0
sección,2,0
pájaro,3,0
demonio,1.4,0.5477
obispo,1.8,0.4472
suspiro,3,0
humo,1.8,0.4472
papa,2.2,0.4472
roca,2.2,0.4472
víctima,1.4,0.5477
colgar,2,0
individuo,2,0
titular,2,0
ajeno,2,0
crecimiento,3,0
variedad,2.8,0.4472
príncipe,2.6,0.5477
alumno,2.6,0.5477
frecuencia,2,0
terrible,1.6,0.5477
merecer,2.4,0.5477
caída,1.6,0.5477
dólar,2,0.7071
deporte,2.8,0.4472
provenir,2,0
llave,2.1667,0.4082
compositor,2.8333,0.4082
latir,2.8333,0.4082
aplicación,2.1667,0.4082
presente,2.3333,0.5164
exposición,2.3333,0.5164
interno,2.1667,0.4082
sexual,2.8571,0.378
máximo,2.3333,0.5164
actitud,2.5,0.5477
carcajada,3,0
catedral,2.8,0.4472
encerrar,1.4,0.5477
arrastrar,1.2,0.4472
católico,2,0
devolver,2.4,0.5477
relato,2.6,0.5477
composición,2.4,0.5477
nacimiento,2.8,0.4472
asentamiento,1.6,0.5477
símbolo,2.6,0.5477
contenido,2.4,0.5477
vestido,2.8,0.4472
crisis,2,1
magia,3,0
video,2.2,0.4472
científico,2.8,0.4472
papá,3,0
barco,2.8,0.4472
comandante,2,0.7071
banda,2.6,0.5477
continuo,1.8,0.4472
comercio,2,0
seriar,1.8,0.8367
resolver,2.4,0.8944
cola,2.4,0.8944
duque,2,0.7071
inspirar,3,0
diputado,1.4,0.5477
familiar,2.6,0.5477
dominio,2.2,0.4472
derecho,2.2,0.4472
filosofía,2.6,0.5477
reinar,2,0.7071
caber,2.2,0.4472
eliminar,2,0.7071
and,2,0
regalar,3,0
esencia,3,0
toma,2.2,0.4472
derivar,2.4,0.5477
pegar,1.6,0.8944
vaso,2.2,0.4472
normal,1.8,0.4472
ligero,2.8,0.4472
régimen,1.4,0.5477
gobernador,1.6,0.5477
amanecer,3,0
cantante,2.8,0.4472
activo,2.4,0.5477
divino,2.6,0.8944
sobrevivir,2,0.7071
reconocimiento,2.8,0.4472
infinito,2.8,0.4472
monumento,2.4,0.5477
madera,2.6,0.5477
arquitectura,2.4,0.5477
graduar,2,0.7071
asistir,2.4,0.5477
ola,2.6,0.5477
candidato,2,0
círculo,2.4,0.5477
pobreza,1.2,0.4472
volumen,2.2,0.4472
prometer,2,0
cerebro,2.2,0.4472
interior,2.2,0.4472
espada,2.4,0.5477
opinión,2.4,0.5477
nota,2.6,0.5477
odio,1,0
sierra,2,0.7071
botella,2,0
partida,2,0
prohibir,1.2,0.4472
citar,2,0
acá,2.2,0.4472
proporcionar,2.4,0.5477
núcleo,2.4,0.5477
práctico,2,0
izquierda,2.4,0.8944
identificar,2,0.7071
general,2.2,0.4472
disparar,1.6,0.5477
nariz,2,0.7071
constitucional,2.6,0.5477
transmitir,2.2,0.8367
infancia,3,0
océano,3,0
editar,2.2,0.4472
encima,2.4,0.8944
instalación,2,0
periodista,2,0.7071
perseguir,1.6,0.5477
enterar,2.2,0.4472
peligro,1,0
vivienda,2.8,0.4472
macho,2,1
grabación,2.2,0.4472
garganta,2.2,0.4472
zapato,2.4,0.5477
aventura,2.8,0.4472
grave,1.6,0.8944
reacción,2.2,0.4472
aferrar,2.4,0.5477
dibujo,2.8,0.4472
americano,2.2,0.8367
inmediatamente,1.8,0.8367
amistad,3,0
desierto,2.3333,0.5164
revelar,2.3333,0.5164
marco,2.1667,0.4082
hundir,1.3333,0.5164
ferrocarril,2.6667,0.5164
secundario,2.1667,0.4082
tumba,1.5,0.5477
temblar,1.5,0.5477
salar,2,0.6325
exponer,2.4,0.5477
sabio,3,0
atrever,2.4,0.5477
acostumbrar,1.8,0.4472
estrenar,2.4,0.8944
pintor,2.6,0.5477
habia,2.4,0.5477
capítulo,2.2,0.4472
circunstancia,1.8,0.4472
bolsillo,2.2,0.4472
operar,2,0.7071
reflejo,2.4,0.5477
sucio,1.2,0.4472
militar,1.4,0.5477
asiento,2,0.7071
músico,2.8,0.4472
comunicar,2.6,0.5477
ligar,2,0.6325
atraer,2.8,0.4472
molestar,1,0
registrar,2,0
herido,1.2,0.4472
ancho,2,0
ministerio,1.8,0.4472
comentario,2.4,0.5477
habitual,1.8,0.4472
consumir,1.8,0.8367
propósito,2.8,0.4472
básico,2,0
bar,2.4,0.8944
inventar,3,0
torno,1.8,0.4472
ayuntamiento,1.8333,0.4082
mínimo,2,0
agregar,2,0
tratamiento,1.6667,0.5164
facultad,2.3333,0.5164
cristo,2.3333,0.5164
nervioso,1,0
inaugurar,2.5,0.5477
condenar,1.3333,0.5164
profundidad,2.3333,0.5164
profesional,2.3333,0.5164
bonito,3,0
buque,2,0
confirmar,2,0
latino,2.4,0.5477
personalidad,2.2,0.4472
huella,2,0
protección,2.4,0.5477
moneda,2,0
apreciar,2.8,0.4472
juicio,1.8,0.4472
bolsa,2,0
expedición,2.8,0.4472
estremecer,1.8,0.8367
trabajador,2.2,0.4472
tropical,3,0
coger,2.4,0.8944
ciento,2,0
pantalla,2,0
entorno,2.2,0.4472
interpretación,2.2,0.4472
verme,2.2,0.4472
patrón,1.8,0.4472
misterio,2,1
clasificar,2.2,0.4472
riesgo,1.2,0.4472
angustia,1.2,0.4472
infantil,2.4,0.8944
saludar,2.6,0.5477
tienda,2.2,0.4472
célula,2,0
gemir,2,1
accidente,1.2,0.4472
parroquia,2.4,0.5477
desempeñar,2.6,0.5477
testigo,2,0
tomo,2,0
coronel,2.2,0.4472
capital,1.8,0.4472
tierno,3,0
adoptar,2.8,0.4472
pasillo,2,0
dominar,2.2,0.8367
habilidad,2.8,0.4472
protagonista,2.8,0.4472
espectáculo,2.4,0.8944
pista,2.4,0.5477
melodía,3,0
percibir,3,0
promesa,2.8,0.4472
ternura,3,0
soltar,2.2,0.4472
superior,2,0.7071
factor,2,0
conquistar,2,0.7071
conceder,2.2,0.4472
discográfico,2,0
charlar,2.6,0.8944
hielo,1.6,0.5477
maravilloso,2.8,0.4472
estatal,1.8,0.4472
regla,2.2,0.4472
lanzamiento,2.2,0.4472
corazon,2.6,0.5477
explicación,1.8,0.4472
maestro,2.4,0.5477
técnica,2.4,0.5477
cliente,2.2,0.4472
químico,2,0
amenazar,1.2,0.4472
argumento,2,0
fantasía,3,0
presidir,2.2,0.4472
costa,2.8,0.4472
complejo,2,0.7071
fino,2.2,0.4472
oculto,2,0
bastar,1.8,0.4472
forzar,1.4,0.5477
diócesis,1.8,0.4472
show,2.4,0.5477
futbolista,2.4,0.5477
opción,2.4,0.5477
fresco,2.8,0.4472
cálido,3,0
autónomo,2.2,0.4472
sello,2,0
diferenciar,2,0
trayectoria,2.2,0.4472
enterrar,1.4,0.5477
anciano,2.6,0.5477
ejecutar,1.6,0.5477
reforma,2.2,0.4472
fama,2.4,0.5477
monasterio,2.2,0.4472
maldito,1,0
encantar,2.8,0.4472
carretero,2,0
confianza,3,0
brillo,2.8,0.4472
representante,2.2,0.4472
ascender,2.8,0.4472
concluir,1.8,0.8367
cigarrillo,2,1
latino,2.4,0.8944
presentación,2.4,0.5477
transportar,2,0
centrar,2.4,0.5477
capturar,2.2,0.8367
medalla,3,0
análisis,2.8,0.4472
acceder,3,0
carro,2.2,0.4472
dimensión,2.4,0.5477
arquitecto,2.2,0.4472
cruel,1,0
leche,2.2,0.4472
colaborar,2.8,0.4472
salida,2.4,0.5477
internet,2.4,0.5477
cueva,2,0.7071
sustituir,1.8,0.4472
pronunciar,2,0
provincial,2.2,0.4472
copar,2.2,0.4472
olímpico,3,0
trato,2,0
ceder,2,0
registro,2,0
sacerdote,2.2,0.4472
gonzález,2,0
jamar,2,0
héroe,2.8,0.4472
originalmente,2.2,0.4472
carretera,2.4,0.5477
elaborar,2.6,0.5477
fabricar,2.8,0.4472
reemplazar,2.2,0.4472
acudir,2.4,0.5477
dama,2.8,0.4472
copia,1.8,0.4472
eco,2.2,0.8367
cerveza,2.4,0.5477
asamblea,2.2,0.4472
alegre,3,0
poderoso,2.4,0.5477
normalmente,2.2,0.4472
espera,2,0.7071
banco,2.4,0.5477
vacío,1.6,0.5477
lindo,2.8,0.4472
alianza,2.6,0.5477
violencia,1,0
cementerio,1.2,0.4472
equivocar,1.6,0.5477
cañón,1.6,0.5477
entidad,2,0.7071
pequeño,2.8,0.4472
apretar,1.8,0.8367
fenómeno,3,0
bañar,2.6,0.5477
descanso,3,0
pantalón,2.2,0.8367
concentrar,3,0
interesante,3,0
logro,3,0
rural,2.6,0.5477
disponible,2.6,0.5477
muestra,2,0.7071
descender,2.4,0.5477
desesperar,1.4,0.5477
clavar,2,0.7071
arrojar,2.2,0.8367
acontecimiento,2.6,0.5477
conectar,2.6,0.5477
informar,2.6,0.5477
cultivo,2.5,0.8367
conocido,2,0
fila,1.8,0.4472
agradecer,2.8,0.4472
secar,2,0
apuntar,2,0.7071
agente,1.8,0.8367
practicar,2.4,0.5477
proyectar,2.8,0.4472
hierro,1.6,0.5477
criatura,2.6,0.5477
cadáver,1.4,0.5477
competencia,1.6,0.5477
mancha,1.4,0.5477
alba,2.6,0.5477
someter,1,0
transcurrir,2.2,0.4472
atender,2.4,0.5477
asesinato,1,0
fábrica,2,0
otoño,2.6,0.5477
rodar,2.2,0.4472
organismo,2,0
ingeniero,2.2,0.4472
electrónico,2.2,0.4472
imaginación,3,0
juez,1.8,0.8367
cristiano,2.6,0.5477
localización,2,0
vientre,2.6,0.5477
vicepresidente,2.2,0.4472
umbral,1.8,0.4472
encabezar,2.4,0.5477
mapa,2,0
anual,1.8,0.4472
rodilla,2.2,0.4472
dificultad,1.6,0.5477
reciente,2,0
curiosidad,2.6,0.5477
únicamente,2,0
órgano,2,0
plato,2.4,0.5477
prensa,2.2,0.4472
interrumpir,1.4,0.5477
ciudadano,2.6,0.5477
calma,3,0
ópera,3,0
formato,2,0
sugerir,2.4,0.5477
figurar,2,0.7071
borde,2,0
experimentar,2.6667,0.5164
débil,1.4,0.5477
enseñanza,2.8,0.4472
ignorar,1.6,0.5477
portar,2,0.7071
tabla,2.2,0.4472
perdón,2.8,0.4472
sumar,2.4,0.5477
excepción,2.2,0.4472
aprobar,3,0
continuación,2.2,0.4472
sudor,1.2,0.4472
fiel,2.8,0.4472
contrario,2.2,0.4472
tribu,2.4,0.5477
traje,2.2,0.4472
dulzura,3,0
nocturno,2.6,0.5477
múltiple,2.2,0.4472
confiar,3,0
cometer,1.8,0.4472
sufrimiento,1.2,0.4472
asociar,2.2,0.4472
combatir,1.6,0.5477
capa,2.2,0.4472
paseo,3,0
agricultura,2.4,0.5477
lectura,2.8,0.4472
rendir,2,0.7071
coordenado,2,0
cuidado,2.6,0.5477
nieve,2.6,0.5477
clasificación,2,0
preciso,2.2,0.4472
celular,2,0
nieto,2.8,0.4472
vena,1.8,0.4472
piano,2.8,0.4472
pasear,3,0
ámbito,2,0
debut,2.6,0.5477
avenir,2.6,0.5477
identidad,2,0
colaboración,3,0
medicina,2.4,0.5477
exigir,1.6,0.8944
venta,1.8,0.4472
denominación,2,0
temprano,2.4,0.5477
recostar,2.4,0.8944
infraestructura,2.4,0.5477
peligroso,1.6,0.8944
fundamental,2.6,0.5477
lobo,2,0.7071
médico,2.6,0.5477
península,2.2,0.4472
perdonar,2.6,0.8944
fijamente,2.2,0.4472
mio,2.4,0.5477
promedio,2.2,0.4472
evolución,2.8,0.4472
estatua,2.2,0.4472
coalición,1.4,0.5477
tribunal,1.4,0.5477
llover,2.4,0.5477
potencia,2.6,0.5477
seguramente,2.6,0.5477
comportamiento,2.2,0.4472
invasión,1.8,0.8367
valle,2.8,0.4472
noreste,2,0
cuadrar,1.8,0.4472
asesino,1.2,0.4472
brotar,2.2,0.8367
infinito,2.4,0.5477
camisa,2.2,0.4472
semilla,2.6,0.5477
respeto,3,0
fotografía,2.6,0.5477
pesar,1.4,0.5477
distribuir,2,0
indio,2,0
alcohol,2.2,0.4472
taller,2.2,0.4472
proceder,2,0.7071
presa,1.4,0.5477
onda,3,0
pelear,1.4,0.5477
prácticamente,2.4,0.5477
correcto,2.8,0.4472
retablo,2,0
existente,2.2,0.4472
aguardar,1.4,0.5477
mojar,2.2,0.4472
fijo,2,0
recorrido,2.2,0.4472
arco,2.4,0.5477
mental,2.6,0.5477
televisivo,1.8,0.4472
tesoro,3,0
ciclo,2,0
murmurar,1.4,0.5477
oler,2.4,0.5477
responsabilidad,2.2,0.4472
historiador,1.8,0.4472
abogado,2,0.7071
corriente,1.8,0.4472
respiración,2.6,0.5477
you,2.4,0.5477
concurso,2.4,0.5477
amarillo,2.4,0.8944
científico,2.8,0.4472
eternidad,2.4,0.5477
mariposa,2.6,0.8944
anillo,2.2,0.8367
baile,3,0
limpio,3,0
humano,2.8,0.4472
calmar,3,0
individual,2,0
orgullo,2.2,0.8367
altitud,2,0
apariencia,2.4,0.5477
definitivamente,2,0
reserva,2.2,0.4472
extenso,2,0.7071
huevo,2.2,0.8367
adecuar,2.8,0.4472
escultura,2.8333,0.4082
cesar,2,0.8944
trono,1.8,0.8367
comité,1.8,0.8367
acusar,1.4,0.5477
gestión,1.8,0.8367
selva,3,0
bahía,3,0
estrellar,1.8,0.8367
solicitar,2.4,0.5477
nba,2,0
terror,1.4,0.8944
brindar,3,0
grabado,2.6,0.5477
tratado,2.2,0.4472
triunfo,2.8,0.4472
fundador,2,0
sangrar,1.2,0.4472
entrenador,2.2,0.4472
sagrado,2.2,0.8367
crimen,1,0
national,2.2,0.4472
promover,2.6,0.5477
conquista,2.6,0.8944
oreja,2.2,0.4472
prisión,1.2,0.4472
sendero,3,0
virgen,2.4,0.5477
resistir,2.2,0.8367
tambien,2.8,0.4472
crítica,2.4,0.5477
arroyo,3,0
justo,2.6,0.5477
traducir,2.4,0.5477
vaciar,1.8,0.4472
agarrar,2.2,0.4472
adentro,2.4,0.5477
porqué,2,0
permanente,2,0.7071
reclamar,1.2,0.4472
oficialmente,2,0
abismo,1.4,0.5477
oposición,1.6,0.5477
ahogar,1,0
competición,2.4,0.5477
futuro,2.8,0.4472
militar,1.8,0.4472
característico,2,0
democrático,2.6,0.5477
freír,1.8,0.4472
puta,1.6,0.8944
electoral,1.8,0.4472
delgado,2.4,0.5477
aldea,2.4,0.5477
albergar,2.6,0.5477
lector,3,0
poblar,2.2,0.4472
extranjero,2.2,0.4472
virtud,2.8,0.4472
virgen,1.8,0.4472
adulto,2.2,0.4472
pesadilla,1.2,0.4472
multitud,1.2,0.4472
dorar,2.4,0.5477
jurar,1.8,0.4472
previo,2,0
inteligencia,2.8,0.4472
herramienta,2.4,0.5477
contrario,2,0.7071
apertura,2.2,0.4472
aliado,2.8,0.4472
lavar,2.8,0.4472
presidencia,2,0.7071
programar,2.8,0.4472
cantante,2.4,0.5477
pago,2.2,0.8367
primario,2.4,0.5477
gozar,3,0
suceso,2,0
acostar,2.4,0.5477
grande,2.2,0.4472
reunión,2.6,0.5477
nostalgia,2,0.7071
advertir,2,0.7071
solista,2.6,0.5477
conversar,2.6,0.5477
impulsar,2.4,0.5477
silencioso,2,0.7071
recientemente,2.2,0.4472
mezcla,2.2,0.4472
herida,1,0
primo,2.2,0.4472
murmullo,1.6,0.5477
agitar,2.2,0.4472
batería,2,0.7071
rutina,1.2,0.4472
milagro,2.8,0.4472
tramo,2,0
cabecera,2,0
familiar,2.8,0.4472
bien,3,0
contribuir,3,0
arquitectónico,2.6,0.5477
declaración,2,0
dias,2,0
llama,2.4,0.8944
ascenso,2.6,0.5477
ama,1.8,0.8367
excelente,3,0
fluir,2.4,0.5477
audiencia,2.4,0.5477
riqueza,2.8,0.4472
modificar,2.4,0.5477
vela,2.4,0.5477
engañar,1,0
exitoso,3,0
loco,2,0.7071
indígena,2.2,0.4472
miel,2.6,0.5477
mentir,1.2,0.4472
tendencia,2.2,0.4472
piedad,2.2,0.4472
solar,2.6,0.5477
turismo,3,0
moral,3,0
borrar,2,0
decreto,2,0
definitivo,2,0
aqui,2.4,0.5477
cura,2.2,1.0954
especializar,2.2,0.4472
fumar,1.4,0.8944
droga,1.2,0.4472
monje,2.2,0.4472
azul,2.8,0.4472
notable,2.4,0.5477
oriente,2.2,0.4472
vidrio,2.2,0.4472
renta,1.8,0.4472
amigo,3,0
pato,2.6,0.5477
precioso,3,0
pluma,3,0
atar,1.8,0.8367
satisfacer,3,0
caliente,2.4,0.5477
agrupar,2,0
nominar,2.2,0.4472
posesión,2,0
respetar,3,0
precisamente,2.2,0.4472
implicar,2,0
editorial,2.2,0.4472
misterioso,2,0.7071
impacto,1.8,0.8367
margen,2,0
descubrimiento,3,0
constar,2,0
sabio,3,0
isleño,2.2,0.4472
cárcel,1.4,0.5477
tradicionalmente,2.4,0.5477
manifestar,2,0.7071
invisible,2,0.7071
propuesta,2.6,0.5477
universitario,2.8,0.4472
paular,2,0.7071
divertir,2.8,0.4472
rueda,2.4,0.5477
ventaja,2.2,0.8367
ubicación,2,0
patrimonio,1.8,0.8367
vano,1.6,0.8944
signo,2.2,0.4472
bestia,1.8,0.8367
convento,1.4,0.5477
pico,2.4,0.5477
tour,2.6,0.8944
comprobar,2.6,0.5477
estallar,1.4,0.5477
ejercicio,2.4,0.8944
físico,2.4,0.5477
lloro,1,0
lucir,2.8,0.4472
insistir,1.2,0.4472
disposición,2.6,0.5477
pobre,1.2,0.4472
escala,2.4,0.5477
eje,2.6,0.5477
madrugada,2.6,0.5477
invitado,2.4,0.5477
danzar,2.8,0.4472
ciego,1.6,0.5477
jornada,2,0
enemigo,1.2,0.4472
exacto,2.8333,0.4082
adaptar,2.4,0.5477
impulso,2.4,0.5477
aparato,2.2,0.4472
comarca,2.6,0.5477
pelea,1.1667,0.4082
legislatura,1.8333,0.4082
explotar,1.5,0.5477
respectivamente,2.1667,0.4082
específico,2.3333,0.5164
manejar,2.5,0.5477
productor,2.4,0.5477
automóvil,2.8,0.4472
toro,2.4,0.5477
prisa,1.6,0.8944
posiblemente,2.2,0.8367
aumento,2.2,0.8367
isleño,2.6,0.5477
delante,2.2,0.4472
victoria,3,0
alzar,2.6667,0.5164
material,2,0.6325
canto,3,0
delicado,2.6667,0.5164
tardar,1.3333,0.5164
originario,2.2,0.4472
coincidir,2.8,0.4472
ensayo,2.6,0.5477
penetrar,2.2,0.8367
candidatura,2.2,0.4472
talvez,2,0
desesperación,1,0
avenida,2,0.7071
semifinal,2.6,0.5477
planear,3,0
seguro,2.8,0.4472
comparar,1.8,0.4472
agradable,3,0
quebrar,2,0.7071
fórmula,2.4,0.5477
colectivo,2.4,0.5477
silueta,2.6,0.5477
renunciar,2,0.7071
supremo,2.8,0.4472
rosa,2.6,0.5477
prever,2.6,0.5477
intervención,2,0.7071
despierto,2.2,0.4472
usuario,2,0
anciano,2.4,0.5477
contratar,2.4,0.5477
monstruo,1.4286,0.5345
restaurante,2.8333,0.4082
tarde,2.5,0.5477
humor,2.8333,0.4082
plantar,2.6,0.5477
saber,3,0
bomba,1.6,0.5477
inundar,1.8,0.4472
cuchillo,1.8,0.4472
homenaje,3,0
consolidar,2.4,0.5477
competir,2.6,0.5477
league,2.2,0.4472
coste,2.2,0.4472
concentración,2.6,0.5477
elegido,2.6,0.5477
definición,2.4,0.5477
exactamente,2.4,0.5477
combinar,2.2,0.4472
ceremonia,2.4,0.5477
cruz,1.6,0.8944
criticar,1.2,0.4472
inocente,2.6,0.5477
palpitar,2.4,0.8944
ganador,2.8,0.4472
celebración,3,0
hilo,2,0
pisar,1.8,0.8367
basura,1.2,0.4472
mueca,2.2,0.4472
extranjero,2.4,0.5477
endémico,1.2,0.4472
bronce,2.2,0.4472
pálido,2,0.7071
legislativo,1.6,0.5477
católico,1.2,0.4472
posar,2.4,0.5477
preocupación,1,0
amargo,1,0
hembra,2.4,0.8944
escoger,2.6,0.5477
procedente,1.8,0.4472
técnico,2.1667,0.4082
consuelo,2.3333,1.0328
confesar,1.8333,0.7528
pop,2.6,0.5477
socialista,2.1667,0.9832
español,2.3333,0.5164
contexto,2,0.7071
humedad,1.6,0.8944
moda,2.2,0.4472
ganadería,2.2,0.8367
creencia,2.4,0.5477
correspondiente,2,0
enfermo,1,0
turístico,2.8,0.4472
plataforma,1.8,0.4472
clave,2,0
ánimo,2.4,0.5477
discurso,2.2,0.4472
internacional,2.4,0.5477
hondo,2.2,0.4472
claramente,2.4,0.5477
obligación,1.6,0.5477
sal,2.2,0.8367
beneficio,2.8,0.4472
montañoso,2.6,0.8944
miar,2.2,0.4472
sesión,2,0
evidente,2,0
retrato,2,0.7071
permiso,2,0.7071
destrucción,1.4,0.5477
galería,2,0.7071
cotidiano,2.4,0.5477
limpiar,2.4,0.8944
autobús,1.6,0.5477
ruina,1.6,0.8944
atribuir,1.8,0.4472
despues,2.2,0.4472
biografiar,2.4,0.5477
sureste,2,0.7071
danza,2.6,0.8944
mecanismo,2.4,0.8944
cercanía,2.8,0.4472
ficción,2.6,0.5477
escupir,1.4,0.5477
trozo,1.8,0.8367
niño,2.8,0.4472
gastar,1.6,0.5477
instrucción,2.4,0.5477
nacionalista,1.8,0.8367
espiritual,2.4,0.5477
frecuente,2.6,0.5477
muralla,2.4,0.5477
honor,2.6,0.5477
empapar,1.8,0.8367
firma,2.4,0.5477
judicial,1.2,0.4472
derrota,1.2,0.4472
ira,1.2,0.4472
apoderar,1.8,0.4472
regular,1.6,0.5477
establecimiento,2,0
morder,2,0
rango,2,0
tranquilidad,3,0
derramar,1.8,0.4472
compromiso,2.8,0.4472
positivo,3,0
brigada,1.8,0.4472
bit,2.4,0.5477
cigarro,1,0
aburrir,1,0
empujar,1.6,0.8944
oración,2.6,0.5477
admitir,2.8,0.4472
rol,2.4,0.5477
insecto,1.2,0.4472
atlántico,2.8,0.4472
abundante,2.8,0.4472
orquesta,3,0
aproximar,2.2,0.4472
certeza,2.6,0.5477
mediterráneo,2.8,0.4472
diablo,1.4,0.5477
extremo,1.6,0.5477
talento,3,0
proveniente,2.2,0.4472
empleado,1.4,0.5477
naval,2,0
curioso,2.8,0.4472
tensión,1,0
representativo,2,0
noble,3,0
cerro,2.6,0.5477
conexión,2.8,0.4472
sumergir,2,0.7071
increíble,2.6,0.5477
tibio,2.4,0.5477
artista,2.8,0.4472
expansión,2,0
músico,3,0
cuerda,2,0
paralelo,2,0
arreglar,2.8,0.4472
anotar,2,0
nuclear,1.6,0.8944
tembloroso,1.2,0.4472
paraíso,3,0
comunista,2,0
cintura,2.2,0.4472
liderar,2.4,0.5477
muñeca,3,0
terrestre,2.4,0.5477
equilibrio,2.6,0.5477
salvaje,2.4,0.5477
estrategia,2.6,0.5477
castillo,2.8,0.4472
externo,2,0
videojuego,2.6,0.5477
impresión,2,0
lista,2,0
aguantar,1.2,0.4472
guía,2.8,0.4472
listar,2,0
cultivar,3,0
pozo,1.6,0.5477
prender,2,0.7071
acomodar,2.6,0.5477
apartar,2,0
circuito,2.2,0.4472
absurdo,1.4,0.5477
discutir,1.2,0.4472
altar,2.2,0.8367
feo,1.2,0.4472
fuertemente,2.2,0.4472
latín,2.2,0.4472
inspiración,3,0
castellano,2.2,0.4472
desvanecer,1.6,0.5477
discusión,1.4,0.5477
yacer,1.8,0.4472
gobernador,1.8,0.8367
expulsar,1.4,0.5477
mortal,1.4,0.5477
promoción,2.8,0.4472
estimar,2.4,0.5477
rasgo,2.2,0.4472
cita,2.4,0.5477
horrible,1,0
fracaso,1,0
amenaza,1.2,0.4472
admirar,2.8,0.4472
varón,2.2,0.4472
principal,2.4,0.5477
líneo,2.2,0.8367
serpiente,1.8,1.0954
marqués,2.4,0.5477
transferir,2.2,0.4472
emprender,3,0
venganza,1,0
plazo,1.6,0.5477
reaccionar,1.6,0.5477
conclusión,2.2,0.4472
avance,3,0
complejo,2.2,0.4472
rival,1,0
atardecer,3,0
barro,1.8,0.8367
ansia,2,0.7071
apurar,1.4,0.5477
étnico,2.6,0.5477
librar,2.8,0.4472
dinastía,1.8,0.4472
botánico,2.8,0.4472
cobrar,1.6,0.5477
oficio,2.6,0.5477
sincero,3,0
querido,3,0
responsable,2.6,0.8944
cazar,1.2,0.4472
perfume,3,0
mixto,2.4,0.5477
pelota,1.8,0.4472
maldito,1,0
anhelo,3,0
furia,1.2,0.4472
parado,1.6,0.5477
efectuar,2.2,0.4472
santo,2.6,0.5477
repartir,2.4,0.5477
arder,1.6,0.8944
inútil,1.2,0.4472
inicial,2,0
complicar,1,0
vergüenza,1.6,0.8944
metálico,1.8,0.4472
agudo,1.8,0.8367
fácilmente,3,0
suroeste,2.2,0.4472
vacio,1,0
violento,1,0
perfectamente,2.6,0.8944
intervenir,2.8,0.4472
cansancio,1.4,0.5477
pecado,1.2,0.4472
túnel,1.6,0.8944
teniente,1.6,0.5477
ocupación,2.8,0.4472
mario,2.6,0.5477
personal,2.4,0.8944
profundar,2,0.7071
mina,2.2,1.0954
respectivo,2.2,0.4472
lamento,1,0
productor,2.8,0.4472
timar,1.2,0.4472
consolar,2.6,0.8944
probable,2.2,0.8367
relativo,2.2,0.4472
medieval,2.2,0.4472
significativo,2.8,0.4472
bajo,2,0.7071
espacial,2.6,0.5477
entraña,1,0
dulce,3,0
sigla,2.2,0.4472
erigir,2.4,0.5477
vídeo,2.6,0.5477
laboratorio,1.8,0.8367
niebla,1.8,0.8367
disminuir,1.4,0.5477
azúcar,3,0
cumpleaños,3,0
rumor,1.6,0.5477
bus,2,0
deuda,1.2,0.4472
ejecución,2.4,0.8944
funcionamiento,2.8,0.4472
vapor,2,0
continente,2,0
disimular,1.8,0.4472
paciente,2,0.7071
salto,2.4,0.5477
instinto,2.6,0.5477
mañana,2.8,0.4472
infante,2.6,0.5477
solar,2.6,0.5477
tarjeta,2.2,0.4472
software,2.2,0.4472
agujero,1.4,0.5477
crédito,2,1
carecer,1.2,0.4472
manga,2,0
manifestación,2.2,0.8367
cortina,2.2,0.4472
tropezar,1.4,0.5477
humilde,3,0
rozar,2.6,0.5477
tragar,1.8,0.4472
desplazar,2,0.7071
placa,2.2,0.4472
seleccionar,2.4,0.5477
lecho,2.2,1.0954
totalidad,2.4,0.5477
rabia,1,0
creador,2.6,0.5477
desprender,1.8,0.4472
revolucionario,2.8,0.4472
sillón,2.8,0.4472
incrementar,2,0
saco,2.2,0.4472
enloquecer,1,0
guerrero,1.6,0.5477
relativamente,2.2,0.4472
sombrero,2.2,0.4472
rastro,2,0
camión,2.4,0.5477
encargado,2.4,0.5477
ducado,1.8,0.4472
baloncesto,3,0
inteligente,3,0
aerolínea,2.6,0.5477
mudar,2,0
depresión,1.2,0.4472
referenciar,2,0
senador,2,0
bola,2.2,0.4472
recinto,2.4,0.5477
sobrino,3,0
lastimar,1,0
cinta,2,0
atlético,3,0
noroeste,2,0
rocío,2.6,0.5477
dragón,2.2,0.8367
frágil,2.2,0.4472
explosión,1.6,0.8944
aviación,2.8,0.4472
cumbre,2.6,0.5477
intensidad,2,0
traducción,1.8,0.4472
grueso,1.8333,0.7528
nido,2.8333,0.4082
empresario,2.1667,0.4082
resolución,2.3333,0.5164
popularidad,2.3333,0.5164
conferencia,2.3333,0.5164
norma,2.1667,0.4082
interminable,2,0.6325
mandato,2,0.6325
temprano,2.5,0.5477
componente,2,0
duración,2,0
marchito,1.6667,0.5164
incendio,1.1667,0.4082
distante,1.4,0.5477
demanda,1.6,0.8944
adaptación,2.4,0.5477
vereda,2,0.7071
centímetro,2,0.7071
jazz,2.4,0.8944
costo,2,0
fuerte,2.8,0.4472
visible,2.2,0.4472
cena,2.8,0.4472
tubo,2,0
billete,2.6,0.5477
sinopsis,2.6,0.5477
artificial,1.4,0.5477
cómic,2.6,0.5477
suavemente,2.8,0.4472
ingeniería,2,0
pasaje,2.6,0.5477
combinación,2,0
turno,1.6,0.5477
seno,2.4,0.5477
hierba,3,0
circular,2.2,0.8367
incapaz,1.2,0.4472
orar,1.8,0.4472
socio,2,0
aportar,2.4,0.5477
democracia,3,0
guitarrista,2.8,0.4472
escritura,2.6,0.5477
ampliar,2.8,0.4472
sed,1.4,0.8944
alegrar,2.6,0.5477
emisión,2.2,0.4472
tráfico,1.4,0.5477
convocar,2.4,0.5477
espectador,2.2,0.8367
caro,1,0
desgracia,1.2,0.4472
transmisión,2,0.7071
líquido,2.4,0.8944
confusión,2,1
fachada,1.8,0.8367
matemático,2.2,0.8367
digital,2.2,0.4472
campana,2.2,0.8367
extraordinario,2.8,0.4472
piloto,2.2,0.4472
aeronave,2.2,0.4472
pasajero,2.6,0.5477
fugaz,2.6,0.5477
apellido,2,0
sujeto,2.4,0.5477
mismo,2.2,0.4472
chocolate,3,0
vengar,1.4,0.8944
chocar,1.4,0.8944
tiro,1.6,0.5477
web,2.6,0.5477
quieto,2,0
vomitar,1,0
quizas,2,0
amado,3,0
disparo,1.6,0.5477
alcance,2,0
presidencial,2,0
era,2.4,0.5477
sábana,2.8,0.4472
frecuentemente,2.2,0.4472
intelectual,2.6,0.5477
ceniza,1.8,0.4472
territorial,1.8,0.8367
percatar,2.2,0.4472
music,2.6,0.5477
colonial,2.4,0.5477
proclamar,2.4,0.5477
acumular,2,0.7071
enfrentamiento,1.4,0.5477
natural,2.8,0.4472
mando,2.2,0.8367
paloma,2.6,0.8944
vas,2.4,0.5477
pétalo,3,0
acelerar,2.4,0.5477
funcionario,1.8,0.4472
almohada,2.8,0.4472
particularmente,2.2,0.4472
vital,2.8,0.4472
liberación,3,0
profundo,2.4,0.5477
sustancia,2,0
cáncer,1.2,0.4472
nervio,1.6,0.5477
reina,2.6,0.5477
manzana,3,0
encanto,2.6,0.5477
doblar,2.2,0.4472
etimología,2.2,0.4472
américa,2.4,0.5477
informe,1.8,0.8367
consumo,1.6,0.5477
armonía,3,0
sediento,1.4,0.5477
voltear,2.2,0.8367
gordo,1.8,0.4472
barrera,1.8,0.8367
aceite,2,0.7071
impregnar,2.6,0.5477
observación,2.8,0.4472
parlamento,2.6,0.5477
delito,1.6,0.8944
tapar,2,0
paquete,2.2,0.4472
consciente,2.4,0.5477
fusionar,2.6,0.5477
deje,2.2,0.4472
trago,2.2,0.8367
feria,2.6,0.5477
sorbo,2.2,0.8367
empleo,2.8,0.4472
debe,1.8,0.4472
conservación,2,1
helar,2.2,0.4472
uña,1.6,0.5477
cristiano,1.8,0.4472
hada,2.8,0.4472
aislar,2,0.7071
ahi,1.8,0.4472
inocencia,2.6,0.5477
destrozar,1.8,0.8367
verso,2.4,0.5477
microsoft,2,0.7071
culto,1.4,0.5477
archivo,2.2,0.4472
ejemplar,2.8,0.4472
misa,1.6,0.5477
procedimiento,2,1
fusión,2.4,0.5477
manto,2.6,0.5477
navegar,3,0
educativo,2.2,0.8367
curar,2.8,0.4472
plano,2.2,0.4472
suspender,2,0.7071
castigo,1,0
boda,2.6,0.5477
picar,1.8,0.8367
llamada,2,0.7071
toclop,2,0
esfumar,2.2,0.8367
argumentar,2.4,0.5477
índice,2.2,0.4472
calcular,2.4,0.8944
escalofrío,1.6,0.5477
tonto,1.6,0.5477
pulmón,2,0
primero,2.8,0.4472
tela,2.6,0.5477
lleno,2.2,0.8367
realista,2.6,0.5477
palma,2.2,0.4472
colonia,2,0.7071
falda,1.8,0.4472
entrevista,1.8,0.4472
montón,2.4,0.5477
sacrificio,2,1
práctica,2.6,0.5477
perciforme,2.4,0.5477
agrupación,2.4,0.5477
asistencia,2.6,0.5477
navidad,3,0
penumbra,1.8,0.8367
extraer,2,0
separación,1.6,0.5477
conducta,2,0
digno,3,0
templar,2.6,0.5477
tronco,2.2,0.4472
grita,1.8,0.8367
estómago,2,0.7071
atmósfera,2.4,0.5477
escritorio,2.2,0.4472
paciente,2.4,0.5477
añorar,1.6,0.5477
fundir,1.8,0.4472
rico,2.6,0.5477
adornar,2.8,0.4472
pasajero,2.2,0.4472
lateral,2,0
programación,2.6,0.5477
maria,1.8,0.4472
dictadura,1.2,0.4472
global,2,0.7071
proteína,2.2,0.8367
ansiedad,1,0
explotación,1.4,0.5477
exterior,2.4,0.5477
vegetación,2.8,0.4472
miseria,1.2,0.4472
culpable,1.4,0.5477
claridad,2.8,0.4472
secreto,1.8,0.4472
naranja,2.8,0.4472
teatral,2.2,0.4472
caza,1.6,0.5477
gigante,1.8,0.8367
examen,1.6,0.5477
plantear,2,0.7071
asignar,2,0
amanecer,3,0
fallar,1,0
corriente,2.2,0.4472
sera,2.2,0.4472
deshacer,1.8,0.8367
celo,1.6,0.5477
jurídico,1.8,0.4472
primitivo,1.8,0.4472
rescatar,2.6,0.5477
sollozo,1,0
gobernación,2,0.7071
agotar,1.6,0.5477
bala,1.6,0.8944
partícula,2.4,0.5477
mudo,1.4,0.5477
regimiento,2.2,0.4472
revisar,1.8,0.8367
volcán,2,0.7071
transformación,2.2,0.8367
pastor,2.6,0.5477
dañar,1,0
agonía,1.2,0.4472
lástima,1.6,0.8944
diámetro,2,0
hermanar,3,0
espina,1.4,0.5477
computador,2.6,0.5477
esfera,2.2,0.4472
bandera,2.4,0.5477
castigar,1,0
influir,2.4,0.5477
super,2.6,0.5477
prolongar,1.8,0.4472
desnudar,2.6,0.5477
masivo,1.8,0.4472
ligeramente,2.2,0.4472
hueco,1.8,0.4472
analizar,2,0.7071
alrededor,2.2,0.4472
defecto,1.6,0.5477
realización,2.8,0.4472
penar,1.2,0.4472
tragedia,1,0
compra,2.4,0.5477
gigante,2,0
residencia,2.6,0.5477
diálogo,3,0
datar,2,0
rebelión,1.6,0.5477
investigador,2.4,0.5477
afuera,2.2,0.4472
dvd,2.2,0.4472
film,2.8,0.4472
caos,1.6,0.8944
administrativo,1.8,0.4472
inversión,2.2,0.4472
señorito,2.2,0.8367
guiar,2.4,0.5477
correo,2,0
bebé,2.6,0.5477
enojar,1.4,0.5477
juzgar,2,0
juvenil,2.6,0.5477
constantemente,2,0
poblado,2,0
antigüedad,2,0
nadar,2.8,0.4472
respectar,2,0.7071
resignar,1.6,0.5477
inmóvil,2,0
masculino,2.2,0.4472
anhelar,2.2,0.8367
músculo,2.2,0.4472
influenciar,1.8,0.4472
top,2.2,0.4472
vecino,2.4,0.5477
infantería,2,0.7071
remedio,2,0.7071
esencial,2.2,0.4472
quinto,2,0
narrar,2.6,0.5477
luminoso,2.8,0.4472
trasero,1.8,0.4472
tornar,2,0
platicar,2.4,0.8944
cinematográfico,2.8,0.4472
anoche,2.6,0.5477
experimento,2.2,0.4472
forestal,2.8,0.4472
fragmento,2.4,0.5477
alternativa,2.6,0.5477
queso,2.8,0.4472
inmensidad,2.6,0.5477
gloria,2.8,0.4472
sentencia,1.8,0.4472
exclusivamente,2.2,0.4472
estrecho,2,0.7071
adicional,2.2,0.4472
útil,3,0
adorar,2.4,0.5477
variación,2.4,0.5477
aparentemente,2.2,0.4472
entrenamiento,2.2,0.4472
marítimo,2.4,0.5477
inevitable,2.2,0.4472
llanura,2.6,0.5477
estan,2,0
mariano,2.2,0.4472
prisionero,1.2,0.4472
absolutamente,2.2,0.4472
sabiduría,3,0
concilio,2.6,0.5477
ejecutivo,2.2,0.4472
subespecie,2,0
iniciativa,2.8,0.4472
suspirar,2.6,0.5477
veneno,1.4,0.5477
largar,1.8,0.4472
influyente,1.8,0.4472
sutil,2.6,0.5477
exclamar,2,0
ardiente,2.2,0.4472
estrecho,2,0.7071
euro,2.2,0.4472
objetivo,2.6,0.5477
facilitar,2.4,0.5477
sedar,2,0
profesión,2.2,0.4472
septentrional,2.2,0.4472
investigar,2.8,0.4472
campamento,2.8,0.4472
horror,1.6,0.8944
subtropical,2.4,0.5477
cerdo,2.2,0.4472
postura,2,0
barra,1.8,0.4472
perspectiva,2.6,0.5477
esclavo,1.2,0.4472
absorber,2.2,0.4472
responsable,2.8,0.4472
chico,2.4,0.5477
ansioso,2,0.7071
cero,1.6,0.5477
deja,2,0
enamorado,3,0
sinfónico,2.8,0.4472
caballería,2.8,0.4472
amoroso,3,0
sabana,2.4,0.5477
contraer,1.8,0.4472
visual,2.4,0.5477
vincular,2.6,0.5477
terremoto,1,0
licenciar,2.4,0.5477
republicano,2.2,0.4472
giro,2,0
elegante,3,0
aguar,1.6,0.5477
melancolía,1,0
comparación,1.8,0.4472
miembro,2.2,0.4472
ángulo,1.8,0.4472
atracción,3,0
reojo,1.8,0.4472
significado,2.4,0.5477
congelar,1.4,0.5477
pistola,1,0
amable,3,0
comedia,3,0
central,1.8,0.4472
doloroso,1,0
facilidad,3,0
sublime,3,0
prado,2.8,0.4472
tejer,2.4,0.5477
flujo,2.2,0.8367
enfermero,1.8,0.4472
paciencia,2.8,0.4472
térmico,2.6,0.5477
civilización,2.6,0.5477
introducción,2,0
pionero,2.8,0.4472
ramal,2,0
peña,2.4,0.5477
angel,3,0
rubio,2.2,0.4472
cajón,2,0
restauración,2.6,0.5477
lógica,2.4,0.5477
that,2,0
sien,2,0
contento,3,0
administrativo,1.8,0.4472
taxi,2,0
petición,2,0
